cif,status,atoms_before,atoms_after,guests_removed,guest_formulas,n_framework_comps
1,clean_already,186,186,0,,1
10,clean_already,106,106,0,,1
1000,clean_already,90,90,0,,1
1001,clean_already,378,378,0,,3
1002,clean_already,168,168,0,,2
1003,clean_already,360,360,0,,3
1004,clean_already,188,188,0,,2
1005,clean_already,74,74,0,,1
1006,clean_already,369,369,0,,3
1007,clean_already,164,164,0,,2
1008,clean_already,351,351,0,,3
1009,clean_already,184,184,0,,2
1010,clean_already,72,72,0,,1
1011,clean_already,90,90,0,,1
1012,clean_already,57,57,0,,1
1013,clean_already,234,234,0,,1
1014,clean_already,196,196,0,,1
1015,clean_already,222,222,0,,1
1016,clean_already,236,236,0,,1
1017,clean_already,188,188,0,,1
1018,clean_already,84,84,0,,1
1019,clean_already,54,54,0,,1
1020,clean_already,222,222,0,,1
1021,clean_already,210,210,0,,1
1022,clean_already,228,228,0,,1
1023,clean_already,188,188,0,,1
1024,clean_already,168,168,0,,2
1025,clean_already,168,168,0,,2
1026,clean_already,436,436,0,,2
1027,clean_already,516,516,0,,2
103,clean_already,1624,1624,0,,2
1030,clean_already,354,354,0,,1
1031,clean_already,114,114,0,,1
1032,clean_already,150,150,0,,1
1033,clean_already,180,180,0,,1
1034,clean_already,264,264,0,,1
1035,clean_already,236,236,0,,1
1036,clean_already,212,212,0,,1
1037,clean_already,150,150,0,,1
1040,clean_already,138,138,0,,1
1041,clean_already,144,144,0,,1
1042,clean_already,144,144,0,,1
1043,clean_already,300,300,0,,2
1044,clean_already,144,144,0,,1
1045,clean_already,104,104,0,,1
1046,clean_already,408,408,0,,2
1049,clean_already,120,120,0,,1
105,clean_already,292,292,0,,1
1050,clean_already,144,144,0,,1
1051,clean_already,288,288,0,,2
1052,clean_already,168,168,0,,1
1055,clean_already,290,290,0,,1
1056,clean_already,290,290,0,,1
1057,clean_already,239,239,0,,1
106,clean_already,292,292,0,,1
1061,clean_already,260,260,0,,1
1062,clean_already,183,183,0,,1
1064,clean_already,75,75,0,,1
1065,clean_already,63,63,0,,1
1066,clean_already,1624,1624,0,,2
107,clean_already,292,292,0,,1
1071,clean_already,156,156,0,,1
1072,clean_already,162,162,0,,1
1073,clean_already,132,132,0,,1
1074,clean_already,264,264,0,,2
1075,clean_already,204,204,0,,2
1076,clean_already,102,102,0,,1
1077,clean_already,150,150,0,,1
1078,clean_already,300,300,0,,2
1079,clean_already,120,120,0,,1
108,clean_already,292,292,0,,1
1080,clean_already,240,240,0,,2
1081,clean_already,114,114,0,,1
1082,clean_already,228,228,0,,2
1083,clean_already,84,84,0,,1
1084,clean_already,168,168,0,,2
1085,clean_already,132,132,0,,1
1086,clean_already,264,264,0,,2
1087,clean_already,102,102,0,,1
1088,clean_already,204,204,0,,2
1089,clean_already,76,76,0,,1
109,clean_already,90,90,0,,1
1090,clean_already,152,152,0,,2
1091,clean_already,87,87,0,,1
1092,clean_already,168,168,0,,2
1093,clean_already,81,81,0,,1
1094,clean_already,162,162,0,,2
1095,clean_already,90,90,0,,1
1096,clean_already,102,102,0,,1
1097,clean_already,84,84,0,,1
1099,clean_already,102,102,0,,1
11,clean_already,212,212,0,,1
110,clean_already,84,84,0,,1
1100,clean_already,108,108,0,,1
1101,clean_already,1384,1384,0,,1
1102,clean_already,3008,3008,0,,2
1103,clean_already,100,100,0,,1
1104,clean_already,96,96,0,,1
1105,clean_already,69,69,0,,1
1106,clean_already,138,138,0,,1
1107,clean_already,210,210,0,,1
1108,clean_already,108,108,0,,1
1109,clean_already,144,144,0,,1
111,clean_already,372,372,0,,1
1110,clean_already,294,294,0,,2
1111,clean_already,78,78,0,,1
1112,clean_already,96,96,0,,1
1114,clean_already,150,150,0,,1
1115,clean_already,300,300,0,,2
1116,clean_already,288,288,0,,1
1117,clean_already,114,114,0,,1
1118,clean_already,228,228,0,,2
1119,clean_already,436,436,0,,1
112,clean_already,212,212,0,,2
1120,clean_already,968,968,0,,1
1122,clean_already,168,168,0,,1
1123,clean_already,150,150,0,,1
1125,clean_already,148,148,0,,1
1126,clean_already,196,196,0,,1
1127,clean_already,392,392,0,,2
1128,clean_already,162,162,0,,1
1129,clean_already,144,144,0,,1
1130,clean_already,90,90,0,,1
1131,clean_already,300,300,0,,1
1132,clean_already,102,102,0,,1
1133,clean_already,216,216,0,,1
1134,clean_already,90,90,0,,1
1135,clean_already,96,96,0,,1
1136,clean_already,118,118,0,,1
1137,clean_already,134,134,0,,1
1144,clean_already,318,318,0,,2
1145,clean_already,318,318,0,,2
1146,clean_already,477,477,0,,3
1147,clean_already,352,352,0,,2
1148,clean_already,354,354,0,,2
1149,clean_already,531,531,0,,3
1150,clean_already,436,436,0,,1
1151,clean_already,218,218,0,,1
1152,clean_already,448,448,0,,1
1153,clean_already,226,226,0,,1
1154,clean_already,436,436,0,,1
1155,clean_already,226,226,0,,1
1156,clean_already,436,436,0,,1
1157,clean_already,156,156,0,,1
1158,clean_already,96,96,0,,1
1159,clean_already,210,210,0,,1
1160,clean_already,180,180,0,,1
1161,clean_already,222,222,0,,1
1162,clean_already,188,188,0,,1
1163,clean_already,79,79,0,,1
1164,clean_already,76,76,0,,1
1165,clean_already,94,94,0,,1
1167,clean_already,96,96,0,,1
1168,clean_already,192,192,0,,2
1169,clean_already,108,108,0,,1
1170,clean_already,216,216,0,,2
1171,clean_already,220,220,0,,1
1172,clean_already,236,236,0,,1
1173,clean_already,228,228,0,,1
1174,clean_already,220,220,0,,1
1175,clean_already,94,94,0,,1
1176,clean_already,324,324,0,,1
1178,clean_already,338,338,0,,1
1179,clean_already,394,394,0,,1
118,clean_already,126,126,0,,1
1180,guests_removed,658,378,280,28xC3H6O1,1
1184,clean_already,104,104,0,,1
1185,clean_already,96,96,0,,1
1186,clean_already,67,67,0,,1
1187,clean_already,63,63,0,,1
1188,clean_already,91,91,0,,1
1189,clean_already,110,110,0,,1
119,clean_already,96,96,0,,1
1190,clean_already,134,134,0,,1
1191,clean_already,126,126,0,,1
1192,clean_already,61,61,0,,1
1193,clean_already,57,57,0,,1
1194,clean_already,58,58,0,,1
1195,clean_already,54,54,0,,1
1196,clean_already,53,53,0,,1
1197,clean_already,49,49,0,,1
1198,clean_already,76,76,0,,1
1199,clean_already,79,79,0,,1
12,clean_already,106,106,0,,1
120,clean_already,132,132,0,,1
1200,clean_already,76,76,0,,1
121,clean_already,192,192,0,,1
1210,clean_already,57,57,0,,1
1211,clean_already,114,114,0,,2
1215,clean_already,27,27,0,,1
1216,clean_already,26,26,0,,1
1217,clean_already,25,25,0,,1
1218,clean_already,24,24,0,,1
122,clean_already,108,108,0,,1
1220,clean_already,366,366,0,,1
1222,clean_already,144,144,0,,1
1223,clean_already,42,42,0,,1
1224,clean_already,108,108,0,,1
1225,clean_already,216,216,0,,1
1226,clean_already,324,324,0,,1
1227,clean_already,150,150,0,,1
1228,clean_already,90,90,0,,1
1229,clean_already,90,90,0,,1
1231,clean_already,92,92,0,,1
1232,clean_already,198,198,0,,1
1233,clean_already,108,108,0,,1
1234,clean_already,168,168,0,,1
1235,clean_already,168,168,0,,1
1236,clean_already,122,122,0,,1
1237,clean_already,122,122,0,,1
1238,clean_already,122,122,0,,1
1239,clean_already,168,168,0,,2
1240,clean_already,184,184,0,,2
1241,clean_already,66,66,0,,1
1242,clean_already,124,124,0,,1
13,clean_already,212,212,0,,1
130,clean_already,222,222,0,,1
131,clean_already,144,144,0,,1
132,clean_already,90,90,0,,1
133,clean_already,552,552,0,,2
134,clean_already,432,432,0,,2
135,clean_already,282,282,0,,1
136,clean_already,222,222,0,,1
137,clean_already,66,66,0,,1
139,clean_already,188,188,0,,1
14,clean_already,212,212,0,,1
140,clean_already,188,188,0,,1
141,clean_already,312,312,0,,1
142,clean_already,280,280,0,,1
143,clean_already,188,188,0,,1
144,clean_already,312,312,0,,1
145,clean_already,312,312,0,,1
146,clean_already,176,176,0,,1
149,clean_already,246,246,0,,1
15,clean_already,292,292,0,,1
150,clean_already,264,264,0,,1
151,clean_already,42,42,0,,1
152,clean_already,174,174,0,,1
153,clean_already,120,120,0,,1
154,clean_already,138,138,0,,1
155,clean_already,66,66,0,,1
157,clean_already,63,63,0,,1
158,clean_already,159,159,0,,1
159,clean_already,84,84,0,,1
16,clean_already,372,372,0,,1
160,clean_already,222,222,0,,1
163,clean_already,108,108,0,,1
164,clean_already,138,138,0,,1
165,clean_already,294,294,0,,1
166,clean_already,156,156,0,,1
167,clean_already,165,165,0,,1
168,clean_already,156,156,0,,1
169,clean_already,111,111,0,,1
17,clean_already,452,452,0,,1
170,clean_already,108,108,0,,1
171,clean_already,342,342,0,,1
172,clean_already,75,75,0,,1
173,clean_already,120,120,0,,1
175,clean_already,144,144,0,,1
176,clean_already,150,150,0,,1
178,clean_already,196,196,0,,1
179,clean_already,244,244,0,,1
18,clean_already,388,388,0,,1
180,clean_already,114,114,0,,1
181,clean_already,396,396,0,,2
183,clean_already,15,15,0,,1
184,clean_already,42,42,0,,1
185,clean_already,60,60,0,,1
186,clean_already,120,120,0,,2
187,clean_already,24,24,0,,1
188,clean_already,60,60,0,,1
19,clean_already,508,508,0,,2
198,clean_already,108,108,0,,1
199,clean_already,72,72,0,,1
2,clean_already,186,186,0,,1
20,clean_already,460,460,0,,2
200,clean_already,72,72,0,,1
202,clean_already,108,108,0,,1
209,clean_already,132,132,0,,1
21,clean_already,540,540,0,,1
210,clean_already,132,132,0,,1
211,clean_already,132,132,0,,1
212,clean_already,110,110,0,,1
213,clean_already,110,110,0,,1
214,clean_already,112,112,0,,1
215,clean_already,126,126,0,,1
218,clean_already,122,122,0,,1
219,clean_already,122,122,0,,1
22,clean_already,222,222,0,,1
220,clean_already,166,166,0,,1
221,clean_already,166,166,0,,1
222,clean_already,169,169,0,,1
223,clean_already,178,178,0,,1
224,clean_already,212,212,0,,1
225,clean_already,218,218,0,,1
226,clean_already,672,672,0,,3
23,clean_already,222,222,0,,1
230,clean_already,360,360,0,,1
232,clean_already,104,104,0,,1
239,clean_already,120,120,0,,1
24,clean_already,234,234,0,,1
240,clean_already,282,282,0,,1
241,clean_already,282,282,0,,1
243,clean_already,99,99,0,,1
245,clean_already,72,72,0,,1
246,clean_already,144,144,0,,2
247,clean_already,72,72,0,,1
248,clean_already,144,144,0,,2
25,clean_already,282,282,0,,1
250,clean_already,126,126,0,,1
251,clean_already,158,158,0,,1
252,clean_already,218,218,0,,1
253,clean_already,324,324,0,,2
254,clean_already,240,240,0,,1
256,clean_already,130,130,0,,1
257,clean_already,228,228,0,,2
258,clean_already,168,168,0,,1
259,clean_already,180,180,0,,1
26,clean_already,342,342,0,,1
262,clean_already,96,96,0,,1
263,clean_already,60,60,0,,1
264,clean_already,188,188,0,,1
265,clean_already,188,188,0,,1
266,clean_already,114,114,0,,1
267,guests_removed,218,186,32,1xC20H12,1
268,clean_already,114,114,0,,1
269,clean_already,141,141,0,,1
270,clean_already,126,126,0,,1
275,clean_already,740,740,0,,1
276,clean_already,804,804,0,,1
277,clean_already,210,210,0,,1
278,clean_already,420,420,0,,1
279,clean_already,420,420,0,,1
28,clean_already,200,200,0,,1
280,clean_already,234,234,0,,1
281,clean_already,468,468,0,,1
282,clean_already,468,468,0,,1
283,clean_already,516,516,0,,1
284,clean_already,516,516,0,,1
289,clean_already,398,398,0,,1
29,clean_already,36,36,0,,1
291,clean_already,60,60,0,,1
292,clean_already,114,114,0,,1
293,clean_already,180,180,0,,1
294,clean_already,356,356,0,,1
295,clean_already,372,372,0,,1
296,clean_already,135,135,0,,1
297,clean_already,171,171,0,,1
298,clean_already,177,177,0,,1
299,clean_already,250,250,0,,1
3,clean_already,207,207,0,,1
30,clean_already,36,36,0,,1
309,clean_already,222,222,0,,1
310,clean_already,168,168,0,,1
312,clean_already,96,96,0,,1
313,clean_already,94,94,0,,1
314,clean_already,92,92,0,,1
315,clean_already,96,96,0,,1
316,clean_already,90,90,0,,1
317,clean_already,54,54,0,,1
318,clean_already,98,98,0,,2
320,clean_already,155,155,0,,1
321,clean_already,98,98,0,,1
323,clean_already,140,140,0,,1
324,clean_already,324,324,0,,3
325,clean_already,72,72,0,,1
329,clean_already,120,120,0,,1
33,clean_already,126,126,0,,1
330,clean_already,126,126,0,,1
331,clean_already,84,84,0,,2
332,clean_already,276,276,0,,2
333,clean_already,102,102,0,,1
334,clean_already,102,102,0,,1
336,clean_already,224,224,0,,1
337,clean_already,108,108,0,,1
338,clean_already,87,87,0,,1
339,clean_already,132,132,0,,1
34,clean_already,252,252,0,,2
340,clean_already,138,138,0,,1
341,clean_already,144,144,0,,1
343,clean_already,57,57,0,,1
348,clean_already,67,67,0,,1
349,clean_already,194,194,0,,1
35,clean_already,42,42,0,,1
350,clean_already,130,130,0,,1
352,clean_already,210,210,0,,1
355,clean_already,96,96,0,,1
356,clean_already,54,54,0,,1
357,clean_already,150,150,0,,1
358,clean_already,464,464,0,,2
359,clean_already,464,464,0,,2
360,clean_already,528,528,0,,2
361,clean_already,528,528,0,,1
362,clean_already,768,768,0,,2
363,clean_already,232,232,0,,1
364,clean_already,154,154,0,,1
365,clean_already,126,126,0,,1
366,clean_already,328,328,0,,1
367,clean_already,212,212,0,,2
368,clean_already,150,150,0,,1
369,clean_already,162,162,0,,1
37,clean_already,60,60,0,,1
370,clean_already,234,234,0,,1
371,clean_already,468,468,0,,2
372,clean_already,468,468,0,,2
374,clean_already,180,180,0,,1
375,clean_already,220,220,0,,1
376,clean_already,196,196,0,,1
377,clean_already,222,222,0,,1
378,clean_already,192,192,0,,1
379,clean_already,216,216,0,,1
38,clean_already,60,60,0,,1
382,clean_already,188,188,0,,1
383,clean_already,376,376,0,,2
384,clean_already,220,220,0,,1
385,clean_already,220,220,0,,1
386,clean_already,196,196,0,,1
387,clean_already,236,236,0,,1
388,clean_already,220,220,0,,1
39,clean_already,120,120,0,,1
390,clean_already,316,316,0,,1
395,clean_already,236,236,0,,1
396,clean_already,148,148,0,,1
4,clean_already,228,228,0,,1
40,clean_already,78,78,0,,1
400,clean_already,196,196,0,,1
402,clean_already,436,436,0,,1
404,clean_already,108,108,0,,1
405,clean_already,152,152,0,,1
406,clean_already,464,464,0,,1
409,clean_already,204,204,0,,1
410,clean_already,57,57,0,,1
411,clean_already,58,58,0,,1
412,clean_already,204,204,0,,1
413,clean_already,592,592,0,,2
415,clean_already,168,168,0,,1
417,clean_already,252,252,0,,1
418,clean_already,312,312,0,,1
419,clean_already,424,424,0,,2
420,clean_already,544,544,0,,2
421,clean_already,72,72,0,,1
422,clean_already,116,116,0,,1
423,clean_already,118,118,0,,1
424,clean_already,204,204,0,,1
425,clean_already,204,204,0,,1
426,clean_already,204,204,0,,1
427,clean_already,138,138,0,,1
428,clean_already,138,138,0,,1
429,clean_already,306,306,0,,1
43,clean_already,168,168,0,,1
430,clean_already,306,306,0,,1
431,clean_already,138,138,0,,1
432,clean_already,356,356,0,,1
433,clean_already,114,114,0,,1
437,clean_already,166,166,0,,1
438,clean_already,142,142,0,,1
439,clean_already,168,168,0,,1
44,clean_already,220,220,0,,1
440,clean_already,144,144,0,,1
441,clean_already,162,162,0,,1
442,clean_already,110,110,0,,1
446,clean_already,156,156,0,,1
447,clean_already,300,300,0,,2
448,clean_already,126,126,0,,1
449,clean_already,252,252,0,,2
45,clean_already,168,168,0,,1
450,clean_already,60,60,0,,1
451,clean_already,79,79,0,,1
452,clean_already,87,87,0,,1
456,clean_already,108,108,0,,2
457,clean_already,126,126,0,,1
458,clean_already,162,162,0,,1
459,clean_already,123,123,0,,1
461,clean_already,108,108,0,,1
462,clean_already,87,87,0,,1
463,clean_already,78,78,0,,1
464,clean_already,54,54,0,,1
472,clean_already,150,150,0,,1
475,clean_already,129,129,0,,1
476,guests_removed,350,264,86,2xC12H18N3O1;1xC8H8O2,1
477,clean_already,114,114,0,,1
478,clean_already,96,96,0,,1
479,clean_already,138,138,0,,1
480,clean_already,138,138,0,,1
481,clean_already,276,276,0,,2
482,clean_already,114,114,0,,1
483,clean_already,114,114,0,,1
484,clean_already,150,150,0,,1
485,clean_already,138,138,0,,1
486,clean_already,276,276,0,,2
487,clean_already,71,71,0,,1
488,clean_already,79,79,0,,1
49,clean_already,552,552,0,,1
490,clean_already,450,450,0,,3
491,clean_already,198,198,0,,1
492,clean_already,174,174,0,,1
493,clean_already,210,210,0,,1
495,clean_already,87,87,0,,1
496,clean_already,168,168,0,,2
498,clean_already,69,69,0,,1
499,clean_already,90,90,0,,1
5,clean_already,236,236,0,,2
50,clean_already,600,600,0,,1
500,clean_already,138,138,0,,1
501,clean_already,60,60,0,,1
502,clean_already,186,186,0,,1
506,clean_already,88,88,0,,1
507,clean_already,96,96,0,,1
508,clean_already,71,71,0,,1
509,clean_already,79,79,0,,1
51,clean_already,558,558,0,,1
510,clean_already,76,76,0,,1
511,clean_already,352,352,0,,2
512,clean_already,71,71,0,,1
513,clean_already,78,78,0,,1
514,clean_already,108,108,0,,1
515,clean_already,216,216,0,,1
516,clean_already,102,102,0,,1
517,clean_already,120,120,0,,1
519,clean_already,114,114,0,,1
52,clean_already,1116,1116,0,,2
520,clean_already,96,96,0,,1
521,clean_already,120,120,0,,1
522,clean_already,144,144,0,,1
523,clean_already,150,150,0,,1
524,clean_already,114,114,0,,1
525,clean_already,144,144,0,,1
526,clean_already,114,114,0,,1
527,clean_already,216,216,0,,2
528,clean_already,252,252,0,,2
529,clean_already,192,192,0,,2
530,clean_already,96,96,0,,1
531,clean_already,126,126,0,,1
532,clean_already,132,132,0,,1
533,clean_already,72,72,0,,1
534,clean_already,132,132,0,,1
535,clean_already,264,264,0,,2
536,clean_already,480,480,0,,1
537,clean_already,360,360,0,,1
538,clean_already,114,114,0,,1
539,clean_already,96,96,0,,1
54,clean_already,96,96,0,,1
540,clean_already,300,300,0,,1
541,clean_already,284,284,0,,1
542,clean_already,300,300,0,,1
543,clean_already,108,108,0,,1
546,clean_already,248,248,0,,1
547,clean_already,105,105,0,,1
548,clean_already,192,192,0,,2
549,clean_already,27,27,0,,1
55,clean_already,528,528,0,,2
550,clean_already,126,126,0,,1
551,clean_already,132,132,0,,1
552,clean_already,114,114,0,,1
553,guests_removed,131,126,5,1xC3H2,1
554,clean_already,90,90,0,,1
555,clean_already,191,191,0,,2
556,clean_already,138,138,0,,2
557,clean_already,72,72,0,,1
559,clean_already,90,90,0,,1
561,clean_already,78,78,0,,1
562,clean_already,156,156,0,,2
563,clean_already,192,192,0,,2
564,clean_already,138,138,0,,2
572,clean_already,114,114,0,,1
573,clean_already,96,96,0,,1
574,clean_already,156,156,0,,1
575,clean_already,174,174,0,,2
576,clean_already,252,252,0,,2
577,clean_already,76,76,0,,1
578,clean_already,83,83,0,,1
579,clean_already,81,81,0,,1
580,clean_already,132,132,0,,1
581,clean_already,114,114,0,,1
582,clean_already,162,162,0,,1
583,clean_already,174,174,0,,1
584,clean_already,96,96,0,,1
585,clean_already,192,192,0,,2
589,clean_already,87,87,0,,1
590,clean_already,87,87,0,,1
591,clean_already,57,57,0,,1
592,clean_already,126,126,0,,1
593,clean_already,57,57,0,,1
603,clean_already,81,81,0,,1
604,clean_already,150,150,0,,1
605,clean_already,126,126,0,,1
612,clean_already,102,102,0,,1
613,clean_already,126,126,0,,1
614,clean_already,360,360,0,,1
615,clean_already,189,189,0,,1
617,clean_already,236,236,0,,1
618,clean_already,342,342,0,,3
623,clean_already,60,60,0,,1
624,clean_already,57,57,0,,1
625,clean_already,126,126,0,,1
626,clean_already,136,136,0,,1
627,clean_already,136,136,0,,1
628,clean_already,128,128,0,,1
629,clean_already,252,252,0,,2
630,clean_already,252,252,0,,2
631,clean_already,120,120,0,,1
632,clean_already,240,240,0,,2
635,clean_already,72,72,0,,2
636,clean_already,72,72,0,,2
637,clean_already,72,72,0,,2
638,clean_already,72,72,0,,2
639,clean_already,84,84,0,,2
640,clean_already,72,72,0,,2
641,clean_already,72,72,0,,2
642,clean_already,72,72,0,,2
643,clean_already,72,72,0,,2
644,clean_already,72,72,0,,2
645,clean_already,223,223,0,,1
646,clean_already,432,432,0,,1
647,clean_already,91,91,0,,1
648,clean_already,88,88,0,,1
649,clean_already,330,330,0,,1
650,clean_already,87,87,0,,1
651,clean_already,81,81,0,,1
652,clean_already,84,84,0,,1
654,clean_already,106,106,0,,1
657,clean_already,172,172,0,,1
658,clean_already,147,147,0,,1
659,clean_already,147,147,0,,1
660,clean_already,158,158,0,,2
661,clean_already,152,152,0,,2
662,clean_already,48,48,0,,1
663,clean_already,48,48,0,,1
664,clean_already,234,234,0,,3
665,clean_already,56,56,0,,1
666,clean_already,48,48,0,,1
667,clean_already,88,88,0,,1
670,clean_already,315,315,0,,1
671,clean_already,150,150,0,,1
672,clean_already,168,168,0,,1
673,clean_already,186,186,0,,1
674,clean_already,171,171,0,,1
677,clean_already,105,105,0,,1
678,clean_already,90,90,0,,1
679,clean_already,156,156,0,,1
68,clean_already,18,18,0,,1
680,clean_already,216,216,0,,1
682,clean_already,87,87,0,,1
683,clean_already,84,84,0,,1
684,clean_already,162,162,0,,2
688,clean_already,88,88,0,,1
689,clean_already,90,90,0,,1
696,clean_already,160,160,0,,1
697,clean_already,320,320,0,,2
698,clean_already,174,174,0,,1
699,clean_already,348,348,0,,2
7,clean_already,544,544,0,,1
70,guests_removed,92,91,1,1xH1,1
702,clean_already,180,180,0,,1
704,clean_already,258,258,0,,3
705,clean_already,592,592,0,,2
706,clean_already,888,888,0,,3
707,clean_already,888,888,0,,3
708,clean_already,592,592,0,,2
71,clean_already,476,476,0,,2
711,clean_already,108,108,0,,1
712,clean_already,312,312,0,,2
717,clean_already,452,452,0,,1
718,clean_already,226,226,0,,1
719,clean_already,42,42,0,,1
72,clean_already,636,636,0,,2
720,clean_already,72,72,0,,1
721,clean_already,90,90,0,,1
722,clean_already,42,42,0,,1
723,clean_already,72,72,0,,1
724,clean_already,90,90,0,,1
733,clean_already,96,96,0,,1
740,clean_already,102,102,0,,1
741,clean_already,136,136,0,,1
742,clean_already,142,142,0,,1
743,clean_already,276,276,0,,2
744,clean_already,228,228,0,,2
745,clean_already,276,276,0,,2
746,clean_already,280,280,0,,2
749,clean_already,150,150,0,,1
75,clean_already,228,228,0,,1
750,clean_already,150,150,0,,1
751,clean_already,132,132,0,,1
752,clean_already,120,120,0,,1
753,clean_already,105,105,0,,1
754,clean_already,274,274,0,,1
755,clean_already,264,264,0,,2
756,clean_already,336,336,0,,2
757,guests_removed,372,371,1,1xH1,2
758,clean_already,81,81,0,,1
759,clean_already,90,90,0,,1
76,clean_already,236,236,0,,1
760,clean_already,236,236,0,,1
761,clean_already,872,872,0,,2
765,clean_already,128,128,0,,1
766,clean_already,252,252,0,,1
768,clean_already,138,138,0,,1
769,clean_already,252,252,0,,1
770,clean_already,258,258,0,,1
771,clean_already,66,66,0,,1
772,clean_already,72,72,0,,1
773,clean_already,69,69,0,,1
774,clean_already,166,166,0,,1
775,clean_already,140,140,0,,1
777,clean_already,156,156,0,,1
778,clean_already,57,57,0,,1
779,clean_already,222,222,0,,1
780,clean_already,162,162,0,,1
782,clean_already,72,72,0,,1
784,clean_already,111,111,0,,1
785,clean_already,129,129,0,,1
786,clean_already,99,99,0,,1
787,clean_already,96,96,0,,1
789,clean_already,114,114,0,,1
79,clean_already,126,126,0,,2
790,clean_already,228,228,0,,2
791,clean_already,138,138,0,,1
792,guests_removed,124,122,2,2xH1,1
793,clean_already,141,141,0,,1
794,clean_already,156,156,0,,1
795,clean_already,171,171,0,,1
796,clean_already,108,108,0,,1
8,clean_already,476,476,0,,1
80,clean_already,102,102,0,,1
800,clean_already,182,182,0,,1
802,clean_already,90,90,0,,1
803,clean_already,102,102,0,,1
804,clean_already,108,108,0,,1
805,clean_already,180,180,0,,1
806,clean_already,150,150,0,,1
807,clean_already,162,162,0,,1
808,clean_already,172,172,0,,1
809,clean_already,170,170,0,,1
81,clean_already,120,120,0,,1
812,clean_already,192,192,0,,2
814,clean_already,248,248,0,,2
815,clean_already,132,132,0,,1
816,clean_already,144,144,0,,1
817,clean_already,150,150,0,,1
818,clean_already,141,141,0,,1
819,clean_already,150,150,0,,1
82,clean_already,72,72,0,,1
827,clean_already,63,63,0,,1
828,clean_already,102,102,0,,1
829,clean_already,200,200,0,,1
83,clean_already,60,60,0,,1
830,clean_already,116,116,0,,1
832,clean_already,564,564,0,,2
833,clean_already,1624,1624,0,,2
839,clean_already,460,460,0,,1
84,clean_already,159,159,0,,1
840,clean_already,292,292,0,,1
841,clean_already,57,57,0,,1
842,clean_already,54,54,0,,1
846,clean_already,600,600,0,,2
847,clean_already,114,114,0,,1
848,clean_already,378,378,0,,3
850,clean_already,54,54,0,,2
851,clean_already,215,215,0,,1
856,clean_already,168,168,0,,1
857,clean_already,126,126,0,,1
860,clean_already,876,876,0,,2
861,guests_removed,444,443,1,1xH1,1
862,clean_already,170,170,0,,1
863,clean_already,170,170,0,,1
868,clean_already,90,90,0,,1
869,clean_already,120,120,0,,1
870,clean_already,90,90,0,,1
871,clean_already,656,656,0,,1
872,clean_already,130,130,0,,1
873,clean_already,126,126,0,,1
874,clean_already,122,122,0,,1
875,clean_already,234,234,0,,1
878,clean_already,87,87,0,,1
879,clean_already,230,230,0,,1
880,clean_already,460,460,0,,2
881,clean_already,272,272,0,,1
888,clean_already,90,90,0,,1
889,clean_already,101,101,0,,1
890,clean_already,84,84,0,,1
891,clean_already,87,87,0,,1
892,clean_already,392,392,0,,1
894,clean_already,388,388,0,,1
895,clean_already,404,404,0,,1
896,clean_already,264,264,0,,1
897,clean_already,166,166,0,,1
898,clean_already,86,86,0,,1
899,clean_already,57,57,0,,1
900,clean_already,120,120,0,,2
901,clean_already,60,60,0,,1
902,guests_removed,121,120,1,1xH1,2
903,clean_already,162,162,0,,1
904,clean_already,324,324,0,,2
905,clean_already,60,60,0,,1
906,clean_already,292,292,0,,1
907,clean_already,388,388,0,,1
908,clean_already,107,107,0,,1
910,clean_already,496,496,0,,1
911,clean_already,992,992,0,,2
912,clean_already,3968,3968,0,,1
913,clean_already,7936,7936,0,,2
918,clean_already,408,408,0,,2
919,clean_already,336,336,0,,2
920,clean_already,336,336,0,,2
921,clean_already,340,340,0,,1
922,clean_already,356,356,0,,1
923,clean_already,380,380,0,,1
924,clean_already,396,396,0,,1
925,clean_already,534,534,0,,1
926,clean_already,1068,1068,0,,2
927,clean_already,168,168,0,,1
928,clean_already,336,336,0,,1
929,guests_removed,295,282,13,5xH1O1;1xH2O1,1
930,guests_removed,295,281,14,5xH1O1;1xH1;1xH2O1,1
931,clean_already,450,450,0,,1
932,clean_already,162,162,0,,1
934,clean_already,200,200,0,,1
935,clean_already,400,400,0,,2
936,clean_already,324,324,0,,1
937,clean_already,648,648,0,,1
938,clean_already,552,552,0,,2
939,clean_already,276,276,0,,1
94,clean_already,222,222,0,,1
940,clean_already,252,252,0,,1
941,clean_already,696,696,0,,2
942,clean_already,348,348,0,,1
943,clean_already,552,552,0,,2
944,clean_already,324,324,0,,1
945,clean_already,648,648,0,,2
946,clean_already,348,348,0,,1
947,clean_already,696,696,0,,2
948,clean_already,228,228,0,,1
949,clean_already,308,308,0,,1
950,clean_already,388,388,0,,1
951,clean_already,848,848,0,,2
952,clean_already,952,952,0,,2
953,clean_already,222,222,0,,1
954,clean_already,146,146,0,,1
955,clean_already,468,468,0,,3
956,clean_already,57,57,0,,1
957,clean_already,57,57,0,,1
958,clean_already,456,456,0,,2
959,clean_already,114,114,0,,1
96,clean_already,156,156,0,,1
960,clean_already,300,300,0,,1
961,clean_already,110,110,0,,1
962,clean_already,74,74,0,,1
963,clean_already,134,134,0,,1
964,clean_already,126,126,0,,1
965,clean_already,252,252,0,,1
966,clean_already,120,120,0,,1
967,clean_already,74,74,0,,1
968,clean_already,330,330,0,,3
969,clean_already,132,132,0,,1
97,clean_already,126,126,0,,1
970,clean_already,126,126,0,,1
971,clean_already,98,98,0,,1
975,clean_already,156,156,0,,1
976,clean_already,312,312,0,,1
977,clean_already,150,150,0,,1
978,clean_already,114,114,0,,1
979,clean_already,146,146,0,,1
98,clean_already,156,156,0,,1
980,clean_already,166,166,0,,1
981,clean_already,66,66,0,,1
982,clean_already,96,96,0,,1
983,clean_already,49,49,0,,1
984,clean_already,36,36,0,,1
985,clean_already,210,210,0,,1
986,clean_already,81,81,0,,1
987,clean_already,219,219,0,,1
988,clean_already,150,150,0,,1
989,clean_already,76,76,0,,1
99,clean_already,294,294,0,,1
990,clean_already,90,90,0,,1
991,clean_already,76,76,0,,1
992,clean_already,209,209,0,,1
993,clean_already,71,71,0,,1
994,clean_already,60,60,0,,1
995,clean_already,90,90,0,,1
996,clean_already,57,57,0,,1
997,clean_already,72,72,0,,1
998,clean_already,102,102,0,,1
999,clean_already,42,42,0,,1
